{
    "FacetedQueryMemorySources": [
        {
            "Filter": "entityType__ eq 'Product'",
            "Facets": [
                {
                    "Facet": "categoryName,count:0",
                    "CountMemoryTemplate": "In the product category named \"{0}\", the Cosmic Works Bike Company sells a total number of {1} products."
                }
            ],
            "TotalCountMemoryTemplate": "The Cosmic Works Bike Company sells a total number of {0} products."
        }
    ]
}