{
  "Source": "JSON",
  "Sink": "Cosmos-nosql",
  "Operations": [
    {
      "SourceSettings": {
        "FilePath": "https://cosmosdbcosmicworks.blob.core.windows.net/cosmic-works-small/product.json"
      },
      "SinkSettings": {
        "ConnectionString": "AccountEndpoint=https://sts4x2eoiijxi-cosmos-nosql.documents.azure.com:443/;AccountKey=DcP1wE9DvbrVtx03n09kOl1HKk0wcRAyr7RfQYcKU5Ht7GhigSqu3jUaoq6ivGOnRQIaLsNNqy7QACDbVsTuhg==",
        "Database":"database",
        "Container":"product",
        "PartitionKeyPath":"/categoryId",
        "RecreateContainer": false,
        "BatchSize": 100,
        "ConnectionMode": "Direct",
        "MaxRetryCount": 5,
        "InitialRetryDurationMs": 200,
        "CreatedContainerMaxThroughput": 1000,
        "UseAutoscaleForCreatedContainer": true,
        "WriteMode": "InsertStream",
        "IsServerlessAccount": false
        }
    },
    {
      "SourceSettings": {
        "FilePath": "https://cosmosdbcosmicworks.blob.core.windows.net/cosmic-works-small/customer.json"
      },
      "SinkSettings": {
        "ConnectionString": "AccountEndpoint=https://sts4x2eoiijxi-cosmos-nosql.documents.azure.com:443/;AccountKey=DcP1wE9DvbrVtx03n09kOl1HKk0wcRAyr7RfQYcKU5Ht7GhigSqu3jUaoq6ivGOnRQIaLsNNqy7QACDbVsTuhg==",
        "Database":"database",
        "Container":"customer",
        "PartitionKeyPath":"/customerId",
        "RecreateContainer": false,
        "BatchSize": 100,
        "ConnectionMode": "Direct",
        "MaxRetryCount": 5,
        "InitialRetryDurationMs": 200,
        "CreatedContainerMaxThroughput": 1000,
        "UseAutoscaleForCreatedContainer": true,
        "WriteMode": "InsertStream",
        "IsServerlessAccount": false
        }
    }
  ]
}

