{
  "$schema": "https://schema.management.azure.com/schemas/2019-04-01/deploymentTemplate.json#",
  "contentVersion": "1.0.0.0",
  "metadata": {
    "_generator": {
      "name": "bicep",
      "version": "0.17.1.54307",
      "templateHash": "5692427675602515188"
    }
  },
  "parameters": {
    "location": {
      "type": "string",
      "defaultValue": "eastus",
      "allowedValues": [
        "southcentralus",
        "eastus",
        "westeurope"
      ],
      "metadata": {
        "description": "Location where all resources will be deployed. This value defaults to the **East US** region."
      }
    },
    "name": {
      "type": "string",
      "defaultValue": "[uniqueString(resourceGroup().id)]",
      "maxLength": 15,
      "metadata": {
        "description": "Unique name for the deployed services below. Max length 15 characters, alphanumeric only:\r\n- Azure Cosmos DB for NoSQL\r\n- Azure Cosmos DB for MongoDB vCore\r\n- Azure OpenAI\r\n- Azure App Service\r\n- Azure Functions\r\n\r\nThe name defaults to a unique string generated from the resource group identifier.\r\n"
      }
    },
    "k8sVersion": {
      "type": "string",
      "defaultValue": "1.27.3",
      "metadata": {
        "description": "Specifies the version of Kubernetes to use for the Azure Kubernetes Service (AKS) cluster. Defaults to **1.26.3**"
      }
    }
  },
  "variables": {
    "cosmosDbSettings": {
      "name": "[format('{0}-cosmos-nosql', parameters('name'))]",
      "databaseName": "database"
    },
    "cognitiveSearchSettings": {
      "name": "[format('{0}-cog-search', parameters('name'))]",
      "sku": "basic"
    },
    "cosmosContainers": {
      "completionsContainer": {
        "name": "completions",
        "partitionKeyPath": "/sessionId",
        "maxThroughput": 1000
      },
      "productContainer": {
        "name": "product",
        "partitionKeyPath": "/categoryId",
        "maxThroughput": 1000
      },
      "customerContainer": {
        "name": "customer",
        "partitionKeyPath": "/customerId",
        "maxThroughput": 1000
      },
      "leasesContainer": {
        "name": "leases",
        "partitionKeyPath": "/id",
        "maxThroughput": 1000
      }
    },
    "vnetSettings": {
      "name": "[format('{0}-vnet', parameters('name'))]",
      "addressPrefix": "10.244.0.0/16",
      "subnets": {
        "aks-subnet": {
          "addressPrefix": "10.244.0.0/16"
        }
      }
    },
    "acrSettings": {
      "name": "[format('{0}cr', parameters('name'))]",
      "sku": "Basic",
      "tier": "Basic"
    },
    "aksSettings": {
      "name": "[format('{0}-aks', parameters('name'))]",
      "kubeletIdentityName": "[format('{0}-aks-agentpool', parameters('name'))]",
      "nodeRG": "[format('MC_{0}', parameters('name'))]",
      "sku": "Basic",
      "tier": "Free"
    },
    "laSettings": {
      "name": "[format('{0}-la', parameters('name'))]"
    },
    "aiSettings": {
      "name": "[format('{0}-ai', parameters('name'))]"
    }
  },
  "resources": [
    {
      "type": "Microsoft.DocumentDB/databaseAccounts",
      "apiVersion": "2022-08-15",
      "name": "[variables('cosmosDbSettings').name]",
      "location": "[parameters('location')]",
      "kind": "GlobalDocumentDB",
      "properties": {
        "consistencyPolicy": {
          "defaultConsistencyLevel": "Session"
        },
        "databaseAccountOfferType": "Standard",
        "locations": [
          {
            "failoverPriority": 0,
            "isZoneRedundant": false,
            "locationName": "[parameters('location')]"
          }
        ]
      }
    },
    {
      "type": "Microsoft.DocumentDB/databaseAccounts/sqlDatabases",
      "apiVersion": "2022-08-15",
      "name": "[format('{0}/{1}', variables('cosmosDbSettings').name, variables('cosmosDbSettings').databaseName)]",
      "properties": {
        "resource": {
          "id": "[variables('cosmosDbSettings').databaseName]"
        }
      },
      "dependsOn": [
        "[resourceId('Microsoft.DocumentDB/databaseAccounts', variables('cosmosDbSettings').name)]"
      ]
    },
    {
      "copy": {
        "name": "cosmosContainer",
        "count": "[length(items(variables('cosmosContainers')))]"
      },
      "type": "Microsoft.DocumentDB/databaseAccounts/sqlDatabases/containers",
      "apiVersion": "2022-08-15",
      "name": "[format('{0}/{1}/{2}', variables('cosmosDbSettings').name, variables('cosmosDbSettings').databaseName, items(variables('cosmosContainers'))[copyIndex()].value.name)]",
      "properties": {
        "resource": {
          "id": "[items(variables('cosmosContainers'))[copyIndex()].value.name]",
          "partitionKey": {
            "paths": [
              "[items(variables('cosmosContainers'))[copyIndex()].value.partitionKeyPath]"
            ],
            "kind": "Hash",
            "version": 2
          }
        },
        "options": {
          "autoscaleSettings": {
            "maxThroughput": "[items(variables('cosmosContainers'))[copyIndex()].value.maxThroughput]"
          }
        }
      },
      "dependsOn": [
        "[resourceId('Microsoft.DocumentDB/databaseAccounts/sqlDatabases', variables('cosmosDbSettings').name, variables('cosmosDbSettings').databaseName)]"
      ]
    },
    {
      "type": "Microsoft.Search/searchServices",
      "apiVersion": "2022-09-01",
      "name": "[variables('cognitiveSearchSettings').name]",
      "location": "[parameters('location')]",
      "sku": {
        "name": "[variables('cognitiveSearchSettings').sku]"
      },
      "properties": {
        "replicaCount": 1,
        "partitionCount": 1,
        "hostingMode": "default",
        "publicNetworkAccess": "Enabled",
        "networkRuleSet": {
          "ipRules": []
        },
        "encryptionWithCmk": {
          "enforcement": "Unspecified"
        },
        "disableLocalAuth": false,
        "authOptions": {
          "apiKeyOnly": {}
        }
      }
    },
    {
      "type": "Microsoft.Network/virtualNetworks",
      "apiVersion": "2022-09-01",
      "name": "[variables('vnetSettings').name]",
      "location": "[parameters('location')]",
      "properties": {
        "addressSpace": {
          "addressPrefixes": [
            "[variables('vnetSettings').addressPrefix]"
          ]
        },
        "subnets": [
          {
            "name": "aks-subnet",
            "id": "[resourceId('Microsoft.Network/virtualNetworks/subnets', variables('vnetSettings').name, 'aks-subnet')]",
            "properties": {
              "addressPrefix": "[variables('vnetSettings').subnets['aks-subnet'].addressPrefix]",
              "delegations": [],
              "privateEndpointNetworkPolicies": "Disabled",
              "privateLinkServiceNetworkPolicies": "Enabled"
            },
            "type": "Microsoft.Network/virtualNetworks/subnets"
          }
        ],
        "virtualNetworkPeerings": [],
        "enableDdosProtection": false
      }
    },
    {
      "type": "Microsoft.ContainerRegistry/registries",
      "apiVersion": "2023-01-01-preview",
      "name": "[variables('acrSettings').name]",
      "location": "[parameters('location')]",
      "sku": {
        "name": "[variables('acrSettings').sku]",
        "tier": "[variables('acrSettings').tier]"
      },
      "properties": {
        "adminUserEnabled": true,
        "policies": {
          "quarantinePolicy": {
            "status": "disabled"
          },
          "trustPolicy": {
            "type": "Notary",
            "status": "disabled"
          },
          "retentionPolicy": {
            "days": 7,
            "status": "disabled"
          },
          "exportPolicy": {
            "status": "enabled"
          },
          "azureADAuthenticationAsArmPolicy": {
            "status": "enabled"
          },
          "softDeletePolicy": {
            "retentionDays": 7,
            "status": "disabled"
          }
        },
        "encryption": {
          "status": "disabled"
        },
        "dataEndpointEnabled": false,
        "publicNetworkAccess": "Enabled",
        "networkRuleBypassOptions": "AzureServices",
        "zoneRedundancy": "Disabled",
        "anonymousPullEnabled": false
      }
    },
    {
      "type": "Microsoft.ContainerRegistry/registries/scopeMaps",
      "apiVersion": "2023-01-01-preview",
      "name": "[concat(variables('acrSettings').name, '/_repositories_admin')]",
      "dependsOn": [
        "[resourceId('Microsoft.ContainerRegistry/registries', variables('acrSettings').name)]"
      ],
      "properties": {
        "description": "Can perform all read, write and delete operations on the registry",
        "actions": [
          "repositories/*/metadata/read",
          "repositories/*/metadata/write",
          "repositories/*/content/read",
          "repositories/*/content/write",
          "repositories/*/content/delete"
        ]
      }
    },
    {
      "type": "Microsoft.ContainerRegistry/registries/scopeMaps",
      "apiVersion": "2023-01-01-preview",
      "name": "[concat(variables('acrSettings').name, '/_repositories_pull')]",
      "dependsOn": [
        "[resourceId('Microsoft.ContainerRegistry/registries', variables('acrSettings').name)]"
      ],
      "properties": {
        "description": "Can pull any repository of the registry",
        "actions": [
          "repositories/*/content/read"
        ]
      }
    },
    {
      "type": "Microsoft.ContainerRegistry/registries/scopeMaps",
      "apiVersion": "2023-01-01-preview",
      "name": "[concat(variables('acrSettings').name, '/_repositories_push')]",
      "dependsOn": [
        "[resourceId('Microsoft.ContainerRegistry/registries', variables('acrSettings').name)]"
      ],
      "properties": {
        "description": "Can push to any repository of the registry",
        "actions": [
          "repositories/*/content/read",
          "repositories/*/content/write"
        ]
      }
    },
    {
      "type": "Microsoft.OperationalInsights/workspaces",
      "apiVersion": "2021-12-01-preview",
      "name": "[variables('laSettings').name]",
      "location": "eastus",
      "properties": {
        "sku": {
          "name": "Standalone"
        },
        "retentionInDays": 31,
        "features": {
          "enableLogAccessUsingOnlyResourcePermissions": true
        },
        "workspaceCapping": {
          "dailyQuotaGb": -1
        },
        "publicNetworkAccessForIngestion": "Enabled",
        "publicNetworkAccessForQuery": "Enabled"
      }
    },
    {
      "type": "Microsoft.Insights/components",
      "apiVersion": "2020-02-02",
      "name": "[variables('aiSettings').name]",
      "location": "[parameters('location')]",
      "kind": "web",
      "properties": {
        "Application_Type": "web",
        "Flow_Type": "Bluefield",
        "Request_Source": "rest",
        "RetentionInDays": 30,
        "WorkspaceResourceId": "[resourceId('Microsoft.OperationalInsights/workspaces', variables('laSettings').name)]",
        "IngestionMode": "LogAnalytics",
        "publicNetworkAccessForIngestion": "Enabled",
        "publicNetworkAccessForQuery": "Enabled"
      },
      "dependsOn": [
        "[resourceId('Microsoft.OperationalInsights/workspaces', variables('laSettings').name)]"
      ]
    },
    {
      "type": "Microsoft.ContainerService/managedClusters",
      "apiVersion": "2023-01-02-preview",
      "name": "[variables('aksSettings').name]",
      "location": "eastus",
      "dependsOn": [
        "[resourceId('Microsoft.Network/virtualNetworks/subnets', variables('vnetSettings').name, 'aks-subnet')]",
        "[resourceId('Microsoft.OperationalInsights/workspaces', variables('laSettings').name)]"
      ],
      "sku": {
        "name": "Basic",
        "tier": "Free"
      },
      "identity": {
        "type": "SystemAssigned"
      },
      "properties": {
        "kubernetesVersion": "[parameters('k8sVersion')]",
        "dnsPrefix": "[concat(variables('aksSettings').name, '-dns')]",
        "agentPoolProfiles": [
          {
            "name": "agentpool",
            "count": 1,
            "vmSize": "Standard_B4ms",
            "osDiskSizeGB": 128,
            "osDiskType": "Managed",
            "kubeletDiskType": "OS",
            "vnetSubnetID": "[resourceId('Microsoft.Network/virtualNetworks/subnets', variables('vnetSettings').name, 'aks-subnet')]",
            "maxPods": 110,
            "type": "VirtualMachineScaleSets",
            "availabilityZones": [
              "1",
              "2",
              "3"
            ],
            "maxCount": 2,
            "minCount": 1,
            "enableAutoScaling": true,
            "powerState": {
              "code": "Running"
            },
            "orchestratorVersion": "[parameters('k8sVersion')]",
            "enableNodePublicIP": false,
            "enableCustomCATrust": false,
            "mode": "System",
            "osType": "Linux",
            "osSKU": "Ubuntu",
            "enableFIPS": false
          }
        ],
        "servicePrincipalProfile": {
          "clientId": "msi"
        },
        "addonProfiles": {
          "azureKeyvaultSecretsProvider": {
            "enabled": true,
            "config": {
              "enableSecretRotation": "true",
              "rotationPollInterval": "2m"
            }
          },
          "azurepolicy": {
            "enabled": false
          },
          "httpApplicationRouting": {
            "enabled": true
          },
          "omsagent": {
            "enabled": true,
            "config": {
              "logAnalyticsWorkspaceResourceID": "[resourceId('Microsoft.OperationalInsights/workspaces', variables('laSettings').name)]",
              "useAADAuth": "true"
            }
          }
        },
        "nodeResourceGroup": "[variables('aksSettings').nodeRG]",
        "enableRBAC": true,
        "networkProfile": {
          "networkPlugin": "azure",
          "networkPolicy": "azure",
          "loadBalancerSku": "Standard",
          "loadBalancerProfile": {
            "managedOutboundIPs": {
              "count": 1
            },
            "backendPoolType": "nodeIPConfiguration"
          },
          "serviceCidr": "10.0.0.0/16",
          "dnsServiceIP": "10.0.0.10",
          "dockerBridgeCidr": "172.17.0.1/16",
          "outboundType": "loadBalancer",
          "serviceCidrs": [
            "10.0.0.0/16"
          ],
          "ipFamilies": [
            "IPv4"
          ]
        },
        "autoScalerProfile": {
          "balance-similar-node-groups": "false",
          "expander": "random",
          "max-empty-bulk-delete": "10",
          "max-graceful-termination-sec": "600",
          "max-node-provision-time": "15m",
          "max-total-unready-percentage": "45",
          "new-pod-scale-up-delay": "0s",
          "ok-total-unready-count": "3",
          "scale-down-delay-after-add": "10m",
          "scale-down-delay-after-delete": "10s",
          "scale-down-delay-after-failure": "3m",
          "scale-down-unneeded-time": "10m",
          "scale-down-unready-time": "20m",
          "scale-down-utilization-threshold": "0.5",
          "scan-interval": "10s",
          "skip-nodes-with-local-storage": "false",
          "skip-nodes-with-system-pods": "true"
        },
        "autoUpgradeProfile": {
          "upgradeChannel": "patch"
        },
        "disableLocalAccounts": false,
        "securityProfile": {},
        "storageProfile": {
          "diskCSIDriver": {
            "enabled": true,
            "version": "v1"
          },
          "fileCSIDriver": {
            "enabled": true
          },
          "snapshotController": {
            "enabled": true
          }
        },
        "oidcIssuerProfile": {
          "enabled": false
        },
        "ingressProfile": {
          "webAppRouting": {
            "enabled": true
          }
        },
        "workloadAutoScalerProfile": {},
        "azureMonitorProfile": {
          "metrics": {
            "enabled": true,
            "kubeStateMetrics": {}
          }
        }
      }
    },
    {
      "type": "Microsoft.Storage/storageAccounts",
      "apiVersion": "2021-09-01",
      "name": "[format('{0}promptsa', parameters('name'))]",
      "location": "[parameters('location')]",
      "kind": "Storage",
      "sku": {
        "name": "Standard_LRS"
      }
    },    
    {
      "type": "Microsoft.Network/virtualNetworks/subnets",
      "apiVersion": "2022-09-01",
      "name": "[concat(variables('vnetSettings').name, '/aks-subnet')]",
      "dependsOn": [
        "[resourceId('Microsoft.Network/virtualNetworks', variables('vnetSettings').name)]",
        "[resourceId('Microsoft.Network/networkSecurityGroups', concat(variables('vnetSettings').name, '-aks-subnet-nsg'))]"
      ],
      "properties": {
        "addressPrefix": "[variables('vnetSettings').subnets['aks-subnet'].addressPrefix]",
        "delegations": [],
        "privateEndpointNetworkPolicies": "Disabled",
        "privateLinkServiceNetworkPolicies": "Enabled",
        "networkSecurityGroup": {
          "id": "[resourceId('Microsoft.Network/networkSecurityGroups', concat(variables('vnetSettings').name, '-aks-subnet-nsg'))]",
          "name": "[concat(variables('vnetSettings').name, '-aks-subnet-nsg')]",
          "properties": { 
            "flushConnection": false,
            "securityRules": [
              {
                "name": "AllowHTTPInbound",
                "properties": {
                  "access": "Allow",
                  "destinationAddressPrefix": "*",
                  "destinationPortRange": "80",
                  "direction": "Inbound",
                  "priority": 500,
                  "protocol": "Tcp",
                  "sourceAddressPrefix": "Internet",
                  "sourcePortRange": "*"
                },
                "type": "Microsoft.Network/networkSecurityGroups/securityRules"
              },
              {
                "name": "AllowHTTPSInbound",
                "properties": {
                  "access": "Allow",
                  "destinationAddressPrefix": "*",
                  "destinationPortRange": "443",
                  "direction": "Inbound",
                  "priority": 501,
                  "protocol": "Tcp",
                  "sourceAddressPrefix": "Internet",
                  "sourcePortRange": "*"
                },
                "type": "Microsoft.Network/networkSecurityGroups/securityRules"
              }
            ]
          }
        }
      }
    },
    {
      "type": "Microsoft.Network/networkSecurityGroups",
      "apiVersion": "2023-04-01",
      "name": "[concat(variables('vnetSettings').name, '-aks-subnet-nsg')]",
      "location": "[parameters('location')]",
        "properties": {
          "flushConnection": false,
          "securityRules": [
            {
              "name": "AllowHTTPInbound",
              "properties": {
                "access": "Allow",
                "destinationAddressPrefix": "*",
                "destinationPortRange": "80",
                "direction": "Inbound",
                "priority": 500,
                "protocol": "Tcp",
                "sourceAddressPrefix": "Internet",
                "sourcePortRange": "*"
              },
              "type": "Microsoft.Network/networkSecurityGroups/securityRules"
            },
            {
              "name": "AllowHTTPSInbound",
              "properties": {
                "access": "Allow",
                "destinationAddressPrefix": "*",
                "destinationPortRange": "443",
                "direction": "Inbound",
                "priority": 501,
                "protocol": "Tcp",
                "sourceAddressPrefix": "Internet",
                "sourcePortRange": "*"
              },
              "type": "Microsoft.Network/networkSecurityGroups/securityRules"
            }
          ]
        }
    },
    {      
      "type": "Microsoft.ContainerService/managedClusters/agentPools",
      "apiVersion": "2023-01-02-preview",
      "name": "[concat(variables('aksSettings').name, '/agentpool')]",
      "dependsOn": [
        "[resourceId('Microsoft.ContainerService/managedClusters', variables('aksSettings').name)]",
        "[resourceId('Microsoft.Network/virtualNetworks/subnets', variables('vnetSettings').name, 'aks-subnet')]"
      ],
      "properties": {
        "count": 1,
        "vmSize": "Standard_B4ms",
        "osDiskSizeGB": 128,
        "osDiskType": "Managed",
        "kubeletDiskType": "OS",
        "maxPods": 110,
        "type": "VirtualMachineScaleSets",
        "availabilityZones": [
          "1",
          "2",
          "3"
        ],
        "maxCount": 2,
        "minCount": 1,
        "enableAutoScaling": true,
        "powerState": {
          "code": "Running"
        },
        "orchestratorVersion": "[parameters('k8sVersion')]",
        "enableNodePublicIP": false,
        "enableCustomCATrust": false,
        "mode": "System",
        "osType": "Linux",
        "osSKU": "Ubuntu",
        "enableFIPS": false
      }
    }
  ],
  "outputs": {
    "deployedUrl": {
      "type": "string",
      "value": "[reference(resourceId('Microsoft.ContainerService/managedClusters', variables('aksSettings').name), '2023-01-02-preview').addonProfiles.httpApplicationRouting.config.HTTPApplicationRoutingZoneName]"
    },
    "resourcePrefix": {
      "type": "string",
      "value": "[parameters('name')]"
    },
    "cosmosDbAccountName": {
      "type": "string",
      "value": "[variables('cosmosDbSettings').name]"
    }
  }
}